,city,City Id,Country,Latitude,Longitude,Temperature,Humidity,Wind Speed,Cloudiness
0,kutum,1,SD,14.2,24.67,92.79,8,10.42,68
1,mataura,2,NZ,-46.19,168.86,53.01,90,7.0,93
2,carnarvon,3,AU,-24.87,113.63,78.8,83,12.75,90
3,hasaki,4,JP,35.73,140.83,46.67,76,14.99,75
4,atar,5,MR,20.52,-13.05,102.85,7,9.8,0
5,velizh,6,RU,55.61,31.2,49.05,77,11.65,100
6,faanui,7,PF,-16.48,-151.75,82.02,78,10.09,80
7,coaldale,8,CA,49.72,-112.62,29.8,74,9.17,75
8,atuona,9,PF,-9.8,-139.03,81.97,79,13.65,97
9,kahului,10,US,20.89,-156.47,67.5,88,6.93,90
10,sorland,11,NO,67.67,12.69,34.93,69,5.82,20
11,beruwala,12,LK,6.48,79.98,81.68,81,2.48,26
12,asyut,13,EG,27.18,31.18,80.6,22,23.04,0
13,lufilufi,14,WS,-13.87,-171.6,80.6,88,16.11,75
14,bathurst,15,AU,-33.42,149.58,54.09,75,1.01,100
15,butaritari,16,KI,3.07,172.79,83.66,78,11.95,89
16,jamestown,17,US,42.1,-79.24,33.87,70,13.91,90
17,deder,18,ET,9.32,41.45,68.58,32,6.91,68
18,fort nelson,19,CA,58.81,-122.7,41.0,38,18.34,75
19,grindavik,20,IS,63.84,-22.43,39.2,73,10.29,40
20,kungurtug,21,RU,50.6,97.52,31.24,53,4.74,6
21,teluk intan,22,MY,4.03,101.02,84.13,83,2.24,20
22,rikitea,23,PF,-23.12,-134.97,75.72,71,7.34,100
23,punta arenas,24,CL,-53.15,-70.92,53.65,76,6.93,75
24,clyde river,25,CA,70.47,-68.59,-0.4,91,2.24,1
25,albany,26,US,42.6,-73.97,46.74,76,19.46,90
26,charleston,27,US,32.78,-79.93,74.91,69,10.29,1
27,tarata,28,BO,-17.62,-66.02,68.0,52,2.24,20
28,teya,29,RU,60.38,92.63,29.44,92,7.52,97
29,bluff,30,NZ,-46.6,168.33,53.01,90,7.0,98
30,huarmey,31,PE,-10.07,-78.15,79.18,63,5.99,81
31,margate,32,GB,51.38,1.39,62.51,59,12.75,0
32,ushuaia,33,AR,-54.8,-68.3,56.1,66,5.99,39
33,busselton,34,AU,-33.65,115.33,64.99,92,1.01,69
34,norman wells,35,CA,65.28,-126.83,19.4,62,12.75,75
35,lakatoro,36,VU,-16.1,167.42,78.84,77,13.42,33
36,hobart,37,AU,-42.88,147.33,49.86,76,11.41,0
37,batemans bay,38,AU,-35.72,150.18,56.77,100,3.89,64
38,bathsheba,39,BB,13.22,-59.52,86.0,58,14.99,40
39,bredasdorp,40,ZA,-34.53,20.04,76.6,27,9.17,99
40,sovetskiy,41,RU,61.36,63.58,34.16,85,9.73,63
41,pedernales,42,DO,18.04,-71.74,84.2,70,13.87,40
42,yangambi,43,CD,0.81,24.43,73.71,77,3.76,100
43,jamui,44,IN,24.92,86.22,88.02,16,3.96,1
44,katsuura,45,JP,35.13,140.3,48.16,87,16.11,75
45,vostok,46,RU,46.49,135.88,24.73,82,1.99,42
46,vaini,47,TO,-21.2,-175.2,77.0,78,13.87,40
47,tiksi,48,RU,71.69,128.87,33.31,90,29.17,100
48,saint-pierre,49,RE,-21.34,55.48,77.14,69,3.36,75
49,longyearbyen,50,SJ,78.22,15.64,10.4,72,12.75,75
50,acapulco,51,MX,16.86,-99.89,78.8,74,2.24,40
51,porto novo,52,BJ,6.5,2.6,89.6,70,11.41,40
52,puerto ayora,53,EC,-0.74,-90.35,82.11,83,8.05,75
53,chuy,54,UY,-33.7,-53.46,67.17,58,13.8,40
54,ochamchira,55,GE,42.71,41.47,52.86,71,5.26,8
55,iqaluit,56,CA,63.75,-68.51,8.29,78,13.87,20
56,qaanaaq,57,GL,77.48,-69.36,14.31,84,9.26,100
57,pisco,58,PE,-13.7,-76.22,72.64,30,4.7,40
58,tasiilaq,59,GL,65.61,-37.64,28.4,54,14.99,5
59,labytnangi,60,RU,66.66,66.42,30.58,96,15.01,95
60,barrow,61,US,71.29,-156.79,-11.2,76,11.41,75
61,kaitangata,62,NZ,-46.28,169.85,50.0,79,12.26,98
62,arraial do cabo,63,BR,-22.97,-42.03,77.0,61,23.04,20
63,grand-santi,64,GF,4.25,-54.38,86.11,59,3.8,100
64,veinticinco de mayo,65,AR,-35.43,-60.17,66.99,50,5.01,0
65,nikolskoye,66,RU,59.7,30.79,45.77,63,13.42,40
66,mahebourg,67,MU,-20.41,57.7,80.37,78,12.75,40
67,hermanus,68,ZA,-34.42,19.23,76.69,34,3.0,99
68,klaksvik,69,FO,62.23,-6.59,39.2,93,14.99,100
69,bambous virieux,70,MU,-20.34,57.76,80.31,78,12.75,40
70,avarua,71,CK,-21.21,-159.78,82.4,88,14.99,75
71,redlands,72,US,34.06,-117.18,43.27,81,3.74,90
72,fort frances,73,CA,48.6,-93.4,27.39,74,16.11,20
73,dhrangadhra,74,IN,22.98,71.47,87.84,20,6.29,0
74,torbay,75,CA,47.67,-52.73,35.78,69,21.92,75
75,mantua,76,IT,45.17,10.78,73.96,20,4.7,0
76,kapaa,77,US,22.08,-159.32,65.26,88,8.05,1
77,les cayes,78,HT,18.2,-73.75,82.33,69,5.75,11
78,boende,79,CD,-0.22,20.87,82.65,64,4.68,42
79,comodoro rivadavia,80,AR,-45.87,-67.5,73.4,31,9.17,34
80,los llanos de aridane,81,ES,28.66,-17.92,71.06,65,9.17,75
81,new norfolk,82,AU,-42.78,147.06,49.62,76,11.41,0
82,kudahuvadhoo,83,MV,2.67,72.89,84.63,64,2.66,13
83,tuktoyaktuk,84,CA,69.45,-133.04,-11.2,83,4.7,40
84,rotifunk,85,SL,8.23,-12.68,95.11,44,5.19,23
85,payson,86,US,40.04,-111.73,50.68,75,4.7,75
86,mezen,87,RU,65.85,44.24,33.17,90,11.18,38
87,demirci,88,TR,39.05,28.66,53.04,42,10.94,0
88,port-gentil,89,GA,-0.72,8.78,86.0,74,16.11,20
89,sinop,90,TR,41.77,34.87,45.55,57,4.54,0
90,bilma,91,NE,18.69,12.92,97.83,8,11.14,28
91,puerto el triunfo,92,SV,13.28,-88.55,86.0,55,4.7,76
92,foumban,93,CM,5.73,10.9,74.01,58,0.58,97
93,glowno,94,PL,51.96,19.72,67.68,37,17.22,4
94,port elizabeth,95,ZA,-33.92,25.57,71.6,68,12.75,63
95,hilo,96,US,19.73,-155.09,64.53,82,5.06,1
96,surt,97,LY,31.21,16.59,62.6,46,12.06,0
97,sitka,98,US,57.05,-135.33,38.64,64,8.05,75
98,tres arroyos,99,AR,-38.37,-60.28,63.5,38,8.14,0
99,ozernovskiy,100,RU,51.5,156.52,29.48,94,4.65,79
100,saint-philippe,101,RE,-21.36,55.77,76.62,69,3.36,75
101,banikoara,102,BJ,11.3,2.44,93.58,32,5.95,82
102,mombaca,103,BR,-5.74,-39.63,87.53,58,5.28,100
103,east london,104,ZA,-33.02,27.91,73.4,69,19.46,20
104,vao,105,NC,-22.67,167.48,74.89,69,13.22,5
105,te anau,106,NZ,-45.42,167.72,46.24,75,2.8,2
106,vanimo,107,PG,-2.67,141.3,79.43,84,5.82,44
107,srednekolymsk,108,RU,67.45,153.68,-0.72,91,8.63,69
108,whitehorse,109,CA,60.72,-135.05,20.35,67,8.05,75
109,la ronge,110,CA,55.1,-105.28,3.2,84,3.36,5
110,provideniya,111,RU,64.38,-173.3,6.15,92,5.35,100
111,weihai,112,CN,37.5,122.11,43.47,79,14.16,14
112,luderitz,113,NA,-26.65,15.16,82.4,34,12.75,0
113,najran,114,SA,17.49,44.13,96.8,16,8.05,0
114,castro,115,BR,-24.79,-50.01,73.38,34,2.59,34
115,ca mau,116,VN,9.18,105.15,81.5,75,7.83,32
116,khatanga,117,RU,71.97,102.5,26.51,94,15.35,99
117,nome,118,US,64.5,-165.41,8.8,84,10.29,90
118,ati,119,TD,13.22,18.34,104.74,7,4.52,87
119,mayumba,120,GA,-3.43,10.66,84.6,73,8.93,24
120,havre-saint-pierre,121,CA,50.23,-63.6,35.6,55,8.05,20
121,asmara,122,ER,15.33,38.93,68.77,36,8.32,52
122,fortuna,123,US,40.6,-124.16,45.43,100,4.97,90
123,pemangkat,124,ID,1.17,108.97,79.9,83,7.52,100
124,bethel,125,US,41.37,-73.41,48.22,100,6.93,90
125,cape town,126,ZA,-33.93,18.42,77.18,13,11.41,100
126,esperance,127,AU,-33.87,121.9,68.0,49,5.82,27
127,rio gallegos,128,AR,-51.62,-69.22,59.0,51,4.7,56
128,yabassi,129,CM,4.46,9.97,90.27,54,3.62,74
129,aykhal,130,RU,66.0,111.5,44.6,39,11.18,100
130,zhigansk,131,RU,66.77,123.37,32.79,93,19.42,100
131,dikson,132,RU,73.51,80.55,20.14,97,12.91,92
132,ribeira grande,133,PT,38.52,-28.7,64.4,77,4.7,20
133,ballina,134,AU,-28.87,153.57,63.64,93,2.68,90
134,montepulciano,135,IT,43.1,11.79,69.4,19,11.41,0
135,ilebo,136,CD,-4.32,20.58,81.01,78,2.55,100
136,korla,137,CN,41.76,86.15,66.34,16,5.48,0
137,ahipara,138,NZ,-35.17,173.17,61.93,77,18.19,89
138,puerto escondido,139,MX,15.85,-97.07,80.6,57,5.82,5
139,rakaia,140,NZ,-43.75,172.02,42.03,93,1.12,93
140,evensk,141,RU,61.95,159.23,13.21,87,9.53,5
141,flinders,142,AU,-34.58,150.86,59.25,100,1.12,84
142,adelaide,143,AU,-34.93,138.6,55.29,87,4.7,0
143,oranjemund,144,NA,-28.55,16.43,67.8,51,12.39,0
144,sinaloa,145,MX,25.0,-107.5,71.55,60,3.06,90
145,naze,146,JP,28.37,129.48,55.4,87,4.7,0
146,saint george,147,US,37.1,-113.58,42.8,81,8.05,1
147,ixtapa,148,MX,20.7,-105.2,70.12,88,3.36,75
148,mbandaka,149,CD,0.05,18.26,82.2,64,5.48,98
149,nordhorn,150,DE,52.43,7.08,67.6,37,8.05,7
150,buzdyak,151,RU,54.58,54.55,41.68,85,5.77,34
151,forest grove,152,US,45.52,-123.11,45.97,80,3.02,1
152,birecik,153,TR,37.03,37.99,57.2,76,10.92,75
153,hofn,154,IS,64.25,-15.21,37.69,85,2.42,100
154,lorengau,155,PG,-2.02,147.27,82.24,75,5.68,1
155,codrington,156,AU,-38.27,141.97,58.82,73,10.47,0
156,salalah,157,OM,17.02,54.09,84.2,74,9.17,0
157,airai,158,TL,-8.93,125.41,60.31,72,0.89,37
158,juneau,159,US,58.3,-134.42,35.78,87,8.05,90
159,bairiki,160,KI,1.33,172.98,82.4,83,6.93,40
160,kralendijk,161,BQ,12.15,-68.27,84.2,74,16.11,90
161,dunajska streda,162,SK,47.99,17.61,72.07,17,16.11,0
162,savalou,163,BJ,7.93,1.98,99.55,32,5.61,17
163,alofi,164,NU,-19.06,-169.92,81.9,82,17.85,99
164,chokurdakh,165,RU,70.63,147.92,0.27,94,7.45,90
165,imbituba,166,BR,-28.24,-48.67,73.4,64,6.93,40
166,suntar,167,RU,62.14,117.63,34.92,83,6.13,0
167,peniche,168,PT,39.36,-9.38,63.01,93,9.17,75
168,ketchikan,169,US,55.34,-131.65,37.02,100,11.41,20
169,chimbote,170,PE,-9.09,-78.58,76.78,71,8.41,74
170,talnakh,171,RU,69.49,88.4,24.8,92,35.79,90
171,mama,172,RU,58.31,112.9,33.94,79,3.65,2
172,kamenka,173,RU,51.32,42.77,53.53,61,4.21,86
173,coihaique,174,CL,-45.58,-72.07,50.5,81,3.36,100
174,ulladulla,175,AU,-35.35,150.47,55.0,100,1.12,43
175,san patricio,176,MX,19.22,-104.7,73.4,78,6.93,5
176,soe,177,ID,-9.86,124.28,66.58,81,1.79,1
177,ostrovnoy,178,RU,68.05,39.51,24.24,94,29.89,100
178,vilhena,179,BR,-12.74,-60.15,75.2,88,11.41,40
179,hithadhoo,180,MV,-0.6,73.08,85.12,65,5.99,66
180,bukoba,181,TZ,-1.33,31.81,80.6,65,4.7,20
181,omsukchan,182,RU,62.53,155.8,0.79,85,3.53,93
182,honningsvag,183,NO,70.98,25.97,25.72,90,21.41,100
183,basco,184,PH,20.45,121.97,75.49,80,23.17,27
184,barcelos,185,PT,41.54,-8.62,59.94,100,14.99,90
185,tucurui,186,BR,-3.77,-49.67,86.45,67,1.79,100
186,lae,187,PG,-6.72,146.98,79.05,66,1.86,80
187,quatre cocos,188,MU,-20.21,57.76,80.29,78,12.75,40
188,belmonte,189,BR,-15.86,-38.88,77.0,88,4.7,75
189,kota kinabalu,190,MY,5.97,116.07,82.49,83,3.36,20
190,plettenberg bay,191,ZA,-34.05,23.37,71.98,48,6.2,91
191,yellowknife,192,CA,62.46,-114.35,18.34,73,18.34,90
192,sonoita,193,MX,31.85,-112.83,55.0,60,7.4,0
193,mar del plata,194,AR,-38.0,-57.56,62.29,72,9.17,40
194,jiayuguan,195,CN,39.82,98.3,48.07,21,10.09,0
195,huntsville,196,US,34.73,-86.59,61.14,77,9.17,75
196,at-bashi,197,KG,41.17,75.81,28.89,40,1.12,97
197,georgetown,198,MY,5.41,100.34,83.05,83,4.7,20
198,port alfred,199,ZA,-33.59,26.89,75.29,63,27.51,25
199,port macquarie,200,AU,-31.43,152.92,63.18,100,3.6,100
200,hwange,201,ZW,-18.37,26.5,81.43,40,7.31,93
201,nadym,202,RU,65.53,72.52,26.24,94,17.45,41
202,stulovo,203,RU,58.72,50.14,39.13,84,9.48,91
203,hastings,204,GB,50.86,0.57,67.06,63,16.11,0
204,guane,205,CU,22.2,-84.09,86.95,51,4.07,26
205,rawson,206,AR,-43.3,-65.1,71.11,37,25.68,0
206,bud,207,US,39.45,-86.18,46.06,45,17.22,1
207,ikwiriri,208,TZ,-7.96,38.97,78.87,93,4.68,2
208,tezu,209,IN,27.92,96.17,75.67,29,3.53,45
209,aksarka,210,RU,66.56,67.8,30.06,96,17.96,100
210,holt,211,US,42.64,-84.52,43.56,60,19.46,90
211,half moon bay,212,US,37.46,-122.43,52.02,100,5.82,90
212,tecoanapa,213,MX,16.52,-98.75,86.31,43,3.53,5
213,nanortalik,214,GL,60.14,-45.24,37.69,74,25.57,81
214,chotila,215,IN,22.42,71.18,91.0,30,8.16,3
215,auki,216,SB,-8.77,160.7,81.3,78,4.56,15
216,zonguldak,217,TR,41.25,31.83,46.11,67,4.65,43
217,lixourion,218,GR,38.2,20.43,66.88,42,13.87,28
218,thaba-tseka,219,LS,-29.52,28.61,56.95,30,15.7,63
219,saskylakh,220,RU,71.92,114.08,35.44,83,22.75,100
220,sola,221,VU,-13.88,167.55,80.67,79,13.98,69
221,chicama,222,PE,-7.84,-79.15,69.8,88,9.17,20
222,puerto colombia,223,CO,10.99,-74.95,86.0,74,5.82,40
223,cidreira,224,BR,-30.18,-50.21,67.37,66,14.14,25
224,birao,225,CF,10.28,22.79,102.49,17,2.39,78
225,bengkulu,226,ID,-3.8,102.27,79.83,78,3.49,100
226,lompoc,227,US,34.64,-120.46,46.94,93,6.93,90
227,tadine,228,NC,-21.55,167.88,73.0,74,11.39,13
228,rokiskis,229,LT,55.97,25.58,45.64,78,13.42,100
229,synya,230,RU,65.37,58.04,34.52,93,14.36,100
230,goderich,231,CA,43.75,-81.72,40.57,78,20.87,20
231,sao gabriel da cachoeira,232,BR,-0.13,-67.09,80.6,83,3.36,75
232,bushehr,233,IR,28.97,50.84,87.49,27,13.87,90
233,karasjok,234,NO,69.47,25.51,26.6,73,27.51,94
234,windhoek,235,NA,-22.56,17.08,73.2,46,17.22,69
235,beysehir,236,TR,37.68,31.72,51.53,41,9.31,59
236,takoradi,237,GH,4.88,-1.76,87.26,66,13.24,12
237,kodiak,238,US,57.79,-152.41,32.0,91,20.8,1
238,lerwick,239,GB,60.15,-1.15,45.5,61,4.7,20
239,hecun,240,CN,36.53,114.11,43.07,62,8.28,91
240,aras,241,ES,42.56,-2.36,70.57,56,12.75,40
241,victoria,242,HK,22.29,114.16,70.27,60,14.99,0
242,kumluca,243,TR,36.37,30.29,60.12,63,6.76,92
243,urumqi,244,CN,43.8,87.6,60.8,32,17.9,0
244,kita,245,ML,13.03,-9.49,109.92,5,4.23,0
245,paris,246,FR,48.85,2.35,76.5,27,5.82,17
246,anadyr,247,RU,64.75,177.48,3.09,77,6.71,97
247,brae,248,GB,60.4,-1.35,45.19,56,8.05,71
248,tual,249,ID,-5.67,132.75,83.79,74,8.01,67
249,seymchan,250,RU,62.88,152.43,-1.23,85,0.4,0
250,palimbang,251,PH,6.21,124.19,81.41,73,2.19,60
251,ewo,252,CG,-0.87,14.82,85.95,55,2.91,19
252,inhambane,253,MZ,-23.86,35.38,78.8,57,13.87,75
253,mount isa,254,AU,-20.73,139.5,77.0,31,5.82,94
254,saint-denis,255,FR,48.92,2.33,76.71,25,5.82,19
255,aksu,256,CN,41.12,80.26,66.7,16,3.22,100
256,rosetta,257,EG,31.4,30.42,66.2,59,14.99,40
257,kloulklubed,258,PW,7.04,134.26,80.6,83,8.05,75
258,souillac,259,MU,-20.52,57.52,80.33,78,12.75,40
259,dickinson,260,US,29.46,-95.05,75.34,88,5.82,90
260,guerrero negro,261,MX,27.98,-114.06,59.11,62,13.49,0
261,avera,262,US,33.19,-82.53,72.09,73,9.17,1
262,mildura,263,AU,-34.2,142.15,53.33,93,3.36,0
263,warrington,264,GB,53.39,-2.58,63.3,59,11.41,98
264,haines junction,265,CA,60.75,-137.51,18.01,85,3.87,100
265,opuwo,266,NA,-18.06,13.84,86.99,19,7.36,47
266,san cristobal,267,VE,7.77,-72.22,82.4,69,2.24,40
267,meulaboh,268,ID,4.14,96.13,80.15,84,7.67,100
268,merauke,269,ID,-8.47,140.33,76.55,91,7.38,66
269,conde,270,BR,-7.26,-34.91,87.8,66,9.17,40
270,tautira,271,PF,-17.73,-149.15,80.29,69,5.82,20
271,lazdijai,272,LT,54.23,23.52,53.49,57,17.0,48
272,quang ngai,273,VN,15.12,108.8,75.99,89,7.72,93
273,sassandra,274,CI,4.95,-6.08,86.45,61,7.0,98
274,samarinda,275,ID,-0.5,117.15,75.97,92,2.28,69
275,college,276,US,64.86,-147.8,12.76,72,4.7,40
276,forbes,277,AU,-33.38,148.02,61.0,92,8.19,100
277,yaan,278,NG,7.38,8.57,95.34,40,5.82,63
278,kiruna,279,SE,67.86,20.23,26.6,58,13.87,20
279,leningradskiy,280,RU,69.38,178.42,-5.87,90,9.1,64
280,upernavik,281,GL,72.79,-56.15,15.91,84,6.55,0
281,yeppoon,282,AU,-23.13,150.73,69.8,77,10.56,7
282,yumen,283,CN,40.28,97.2,51.76,19,18.79,0
283,isangel,284,VU,-19.55,169.27,76.57,72,14.32,21
284,fernie,285,CA,49.5,-115.07,29.37,86,2.24,75
285,hit,286,IQ,33.64,42.83,82.26,26,10.07,25
286,xining,287,CN,36.62,101.77,47.37,17,2.1,1
287,lumeje,288,AO,-11.55,20.78,80.19,45,7.43,58
288,vestmannaeyjar,289,IS,63.44,-20.27,39.2,69,3.36,20
289,tchibanga,290,GA,-2.85,11.03,86.9,62,3.27,74
290,tarija,291,BO,-21.54,-64.73,65.14,30,1.81,43
291,ushtobe,292,KZ,45.25,77.98,36.37,79,8.12,100
292,kaeo,293,NZ,-35.1,173.78,55.0,88,5.99,80
293,pevek,294,RU,69.7,170.31,-3.3,93,6.02,100
294,kasongo-lunda,295,CD,-6.47,16.82,81.68,67,2.06,66
295,nouadhibou,296,MR,20.93,-17.03,86.0,42,13.87,0
296,taltal,297,CL,-25.4,-70.48,70.12,60,5.53,6
297,north platte,298,US,41.12,-100.77,36.19,74,5.82,40
298,dunedin,299,NZ,-45.87,170.5,51.76,79,15.48,85
299,itarema,300,BR,-2.92,-39.92,84.94,77,10.11,55
300,aracuai,301,BR,-16.85,-42.07,76.48,75,3.98,100
301,port lincoln,302,AU,-34.73,135.87,59.85,72,4.03,0
302,saint anthony,303,US,45.02,-93.22,34.45,55,18.34,75
303,gold coast,304,AU,-28.0,153.43,67.05,93,9.17,90
304,saint-augustin,305,CA,51.23,-58.65,30.38,97,7.49,99
305,cap malheureux,306,MU,-19.98,57.61,80.22,78,12.75,40
306,beringovskiy,307,RU,63.05,179.32,11.91,91,4.0,78
307,iskateley,308,RU,67.68,53.15,33.26,96,13.94,100
308,abay,309,KZ,49.63,72.85,33.8,59,8.95,20
309,bom jesus,310,BR,-9.07,-44.36,90.45,49,4.07,98
310,sao geraldo do araguaia,311,BR,-6.4,-48.55,85.77,71,3.85,100
311,saldanha,312,ZA,-33.01,17.94,78.8,59,11.41,100
312,dharchula,313,IN,29.85,80.53,59.32,21,5.79,78
313,quetigny,314,FR,47.32,5.12,75.02,25,6.93,0
314,red bluff,315,US,40.18,-122.24,47.68,93,1.7,90
315,nalut,316,LY,30.33,10.85,74.39,16,7.25,10
316,mangrol,317,IN,21.12,70.12,78.21,77,10.45,0
317,front royal,318,US,38.92,-78.19,64.63,68,6.93,75
318,deputatskiy,319,RU,69.3,139.9,12.34,88,4.21,42
319,arlit,320,NE,18.74,7.39,102.79,7,1.72,98
320,senanga,321,ZM,-16.12,23.27,76.8,53,7.7,82
321,kinna,322,SE,57.51,12.69,49.44,39,11.41,0
322,omboue,323,GA,-1.57,9.26,86.76,66,6.85,41
323,tarpon springs,324,US,28.15,-82.76,78.26,83,8.05,90
324,severo-kurilsk,325,RU,50.68,156.12,28.24,94,5.75,72
325,baturaja,326,ID,-4.13,104.17,74.79,95,1.14,100
326,nioro,327,GM,13.35,-15.75,109.67,6,6.15,0
327,sao miguel do araguaia,328,BR,-13.28,-50.16,85.08,63,4.32,44
328,simpang,329,ID,-1.27,104.08,78.01,80,0.98,96
329,tilichiki,330,RU,60.47,166.1,3.72,89,5.73,0
330,doha,331,QA,25.29,51.53,85.51,54,12.75,0
331,warrnambool,332,AU,-38.38,142.48,55.99,91,10.04,0
332,narsaq,333,GL,60.92,-46.05,44.6,22,34.45,75
333,tirano,334,IT,46.22,10.17,58.24,25,6.93,47
334,ambulu,335,ID,-8.35,113.61,81.05,79,6.55,15
335,qaqortoq,336,GL,60.72,-46.03,44.6,22,34.45,75
336,ust-kalmanka,337,RU,52.12,83.31,36.12,81,4.52,100
337,kruisfontein,338,ZA,-34.0,24.73,74.71,39,4.45,85
338,cedar city,339,US,37.68,-113.06,35.4,93,17.22,75
339,nova mayachka,340,UA,46.6,33.23,60.51,30,7.07,0
340,kidal,341,ML,18.44,1.41,103.75,6,5.01,100
341,agudos,342,BR,-22.47,-48.99,72.37,73,10.29,0
342,oberndorf,343,DE,48.29,8.57,70.75,27,9.17,27
343,bourail,344,NC,-21.57,165.48,69.44,82,3.0,54
344,nelspruit,345,ZA,-25.47,30.97,67.66,88,3.36,100
345,thunder bay,346,CA,48.4,-89.32,33.12,80,13.87,90
346,kampot,347,KH,10.62,104.18,78.8,88,2.24,40
347,zhob,348,PK,31.34,69.45,69.78,23,12.86,28
348,roald,349,NO,62.58,6.13,38.23,65,11.41,100
349,matola,350,MZ,-25.96,32.46,73.4,78,8.05,75
350,ponta do sol,351,PT,32.67,-17.1,68.79,83,4.7,40
351,sao filipe,352,CV,14.9,-24.5,80.08,53,14.81,0
352,kirkland lake,353,CA,48.14,-80.04,33.8,86,10.29,90
353,adrar,354,MR,20.5,-10.07,99.55,7,16.6,0
354,batagay-alyta,355,RU,67.8,130.41,19.51,86,6.26,24
355,volchikha,356,RU,52.03,80.38,37.99,64,2.46,92
356,nueva gerona,357,CU,21.88,-82.8,81.41,68,2.39,13
357,antalaha,358,MG,-14.9,50.28,79.03,82,13.2,0
358,thompson,359,CA,55.74,-97.86,5.0,77,4.7,20
359,turayf,360,SA,31.67,38.66,68.0,28,16.11,0
360,port blair,361,IN,11.67,92.75,82.51,74,6.87,41
361,jiaocheng,362,CN,24.68,116.14,65.79,64,1.95,6
362,mandalgovi,363,MN,45.76,106.27,37.42,34,8.05,0
363,novoagansk,364,RU,61.94,76.66,25.86,95,10.2,98
364,vaitape,365,PF,-16.52,-151.75,82.87,78,10.13,82
365,usinsk,366,RU,65.99,57.53,33.75,95,20.62,100
366,sicamous,367,CA,50.83,-118.99,28.85,86,2.24,90
367,the pas,368,CA,53.83,-101.25,12.2,78,8.05,1
368,mahibadhoo,369,MV,3.78,72.97,85.21,70,3.91,11
369,aklavik,370,CA,68.22,-135.01,-2.6,84,2.24,75
370,puerto asis,371,CO,0.51,-76.5,75.2,94,5.82,75
371,oktyabrskiy,372,RU,54.48,53.47,43.14,83,4.52,12
372,rocha,373,UY,-34.48,-54.33,66.38,56,12.12,55
373,along,374,IN,28.17,94.77,64.35,58,4.97,31
374,torbat-e jam,375,IR,35.24,60.62,43.95,42,7.27,95
375,cayenne,376,GF,4.93,-52.33,86.0,70,10.29,90
376,namatanai,377,PG,-3.67,152.43,81.9,75,4.61,81
377,muyezerskiy,378,RU,63.93,31.65,35.37,78,9.08,93
378,panevezys,379,LT,55.73,24.35,51.8,62,19.46,40
379,tambopata,380,PE,-12.73,-69.18,33.8,100,5.82,0
380,tolaga bay,381,NZ,-38.37,178.3,56.32,80,18.03,78
381,sturgis,382,US,41.8,-85.42,42.1,65,18.34,90
382,coracao de maria,383,BR,-12.23,-38.75,92.73,43,2.24,99
383,blagoyevo,384,RU,63.37,47.92,36.75,94,12.39,100
384,winsum,385,NL,53.33,6.52,60.37,48,8.05,4
385,dzhebariki-khaya,386,RU,62.22,135.8,31.03,95,2.51,100
386,gawler,387,AU,-34.6,138.73,55.24,87,4.7,0
387,izhma,388,RU,65.01,53.91,35.26,94,10.8,100
388,shwebo,389,MM,22.57,95.7,80.58,44,2.64,52
389,calama,390,CL,-22.47,-68.93,66.2,29,11.41,0
390,seoul,391,KR,37.57,126.98,45.16,65,2.01,1
391,constitucion,392,CL,-35.33,-72.42,61.75,59,4.94,54
392,concordia,393,AR,-31.39,-58.02,62.82,72,6.24,75
393,kalemie,394,CD,-5.95,29.19,77.45,59,4.83,82
394,bonthe,395,SL,7.53,-12.51,88.02,66,6.76,36
395,dongsheng,396,CN,39.82,109.98,40.73,30,19.77,73
396,lashio,397,MM,22.93,97.75,66.25,54,1.12,88
397,weligama,398,LK,5.97,80.42,79.97,83,2.24,57
398,la macarena,399,CO,2.18,-73.78,73.44,90,1.43,100
399,flin flon,400,CA,54.77,-101.86,12.2,72,10.29,5
400,qandala,401,SO,11.47,49.87,84.81,55,3.47,2
401,shangzhi,402,CN,45.22,127.97,37.17,70,3.22,44
402,iquitos,403,PE,-3.75,-73.25,78.8,88,6.93,75
403,lasa,404,IT,46.62,10.7,64.69,38,6.93,5
404,namibe,405,AO,-15.2,12.15,82.4,54,19.46,20
405,hammond,406,US,41.58,-87.5,42.67,48,17.22,1
406,mozhaysk,407,RU,55.5,36.03,51.62,55,9.91,100
407,ambalavao,408,MG,-21.83,46.93,65.44,66,6.96,74
408,vila velha,409,BR,-20.33,-40.29,76.21,78,10.36,90
409,mount gambier,410,AU,-37.83,140.77,50.0,93,3.36,0
410,sembe,411,CG,1.65,14.58,78.57,76,4.41,82
411,ancud,412,CL,-41.87,-73.82,50.0,100,3.36,90
412,mackenzie,413,CA,55.3,-123.17,39.2,60,17.22,90
413,tsimlyansk,414,RU,47.65,42.1,55.98,43,6.58,0
414,richards bay,415,ZA,-28.78,32.04,72.19,79,18.23,66
415,mengcheng,416,CN,33.26,116.57,53.92,70,16.2,11
416,katherine,417,AU,-14.47,132.27,78.8,74,5.82,99
417,pangnirtung,418,CA,66.15,-65.71,12.2,66,3.36,20
418,lagos,419,NG,6.58,3.75,93.2,56,5.82,40
419,nha trang,420,VN,12.25,109.18,82.4,83,12.75,40
420,tyazhinskiy,421,RU,56.12,88.52,30.56,90,6.55,100
421,kavaratti,422,IN,10.57,72.64,84.49,69,11.14,0
422,ginda,423,IN,30.69,78.49,53.87,25,4.18,88
423,laguna,424,US,38.42,-121.42,50.25,87,6.93,90
424,dingle,425,PH,11.0,122.67,79.43,73,8.5,25
425,portland,426,US,45.52,-122.68,45.66,81,3.15,20
426,igreja nova,427,BR,-10.13,-36.66,92.21,49,6.91,27
427,husavik,428,IS,66.04,-17.34,37.4,55,12.75,0
428,ust-kuyga,429,RU,70.02,135.6,25.39,95,11.25,100
429,pokhara,430,NP,28.23,83.98,64.92,19,3.76,52
430,bayangol,431,RU,50.7,103.47,35.24,46,1.54,0
431,port keats,432,AU,-14.25,129.55,78.85,77,10.04,13
432,maragogi,433,BR,-9.01,-35.22,86.45,58,7.92,74
433,sinegorsk,434,RU,47.17,142.5,17.6,92,2.66,56
434,ust-ishim,435,RU,57.69,71.17,29.17,95,6.62,43
435,tuatapere,436,NZ,-46.13,167.68,53.01,90,7.0,38
436,victor harbor,437,AU,-35.57,138.62,53.92,87,4.7,0
437,hegra,438,NO,63.46,11.11,40.32,81,5.82,75
438,lebu,439,CL,-37.62,-73.65,59.16,68,2.86,73
439,krasnoselkup,440,RU,65.7,82.47,21.81,96,17.07,100
440,aleksandrovskiy zavod,441,RU,50.92,117.94,34.65,49,2.24,15
441,nieuw nickerie,442,SR,5.95,-56.98,82.24,72,12.06,100
442,lamar,443,US,33.67,-95.58,67.66,56,9.17,1
443,kavieng,444,PG,-2.57,150.8,83.46,74,6.87,45
444,bandarbeyla,445,SO,9.49,50.81,82.33,59,10.92,91
445,sur,446,OM,22.57,59.53,84.22,54,1.97,0
446,port hawkesbury,447,CA,45.62,-61.35,36.45,40,6.93,1
447,katobu,448,ID,-4.94,122.53,76.48,88,2.91,85
448,coquimbo,449,CL,-29.95,-71.34,62.6,82,2.24,90
449,tsumeb,450,NA,-19.23,17.72,82.13,27,11.21,56
450,kuloy,451,RU,61.03,42.49,43.07,77,7.92,100
451,cotusca,452,RO,48.13,26.85,70.36,21,6.93,0
452,belaya gora,453,RU,68.53,146.42,7.92,92,9.55,59
453,peace river,454,CA,56.25,-117.29,33.57,74,2.24,90
454,joao pinheiro,455,BR,-17.74,-46.17,82.69,56,1.16,36
455,alice springs,456,AU,-23.7,133.88,59.0,54,8.5,5
456,hokitika,457,NZ,-42.72,170.97,53.58,72,6.49,40
457,cherskiy,458,RU,68.75,161.3,-10.91,89,4.65,100
458,natal,459,BR,-5.79,-35.21,88.72,62,9.17,75
459,sao francisco,460,BR,-15.95,-44.86,83.35,65,1.7,98
460,paamiut,461,GL,61.99,-49.67,38.66,72,2.64,100
461,iguape,462,BR,-24.71,-47.56,73.89,56,5.37,53
462,rauma,463,FI,61.13,21.51,44.6,45,17.22,0
463,teguldet,464,RU,57.31,88.17,31.42,89,6.96,100
464,severnyy,465,RU,50.68,36.55,62.6,33,6.71,0
465,nantucket,466,US,41.28,-70.1,43.97,93,17.22,90
466,vila,467,PT,42.03,-8.16,59.99,100,10.29,90
467,skibbereen,468,IE,51.55,-9.27,57.2,71,10.29,75
468,lyngseidet,469,NO,69.58,20.22,28.4,63,12.75,75
469,culiacan,470,MX,24.8,-107.39,71.19,60,4.32,90
470,broome,471,US,42.25,-75.83,48.81,81,11.41,90
471,dourbali,472,TD,11.81,15.86,104.52,8,5.93,53
472,shubarshi,473,KZ,48.59,57.19,45.19,52,7.87,11
473,camacha,474,PT,33.08,-16.33,71.08,78,10.29,20
474,cockburn town,475,TC,21.46,-71.14,78.8,69,5.82,40
475,oyama,476,JP,36.3,139.8,46.72,93,8.05,90
476,rafai,477,CF,4.95,23.92,82.29,52,4.59,100
477,acarau,478,BR,-2.89,-40.12,85.33,77,9.44,57
478,picayune,479,US,30.53,-89.68,74.93,83,5.82,90
479,chapais,480,CA,49.78,-74.85,30.2,54,12.75,90
480,paita,481,PE,-5.09,-81.11,62.6,100,20.8,100
481,pochutla,482,MX,15.74,-96.47,80.6,54,6.93,20
482,tera,483,NE,14.01,0.75,105.15,6,4.47,100
483,sechura,484,PE,-5.56,-80.82,75.65,71,7.05,100
484,tambacounda,485,SN,13.75,-13.76,105.8,12,11.41,0
485,marienburg,486,PL,54.04,19.03,53.33,66,23.04,75
486,gornyy,487,RU,55.12,83.91,29.66,89,6.42,100
487,store heddinge,488,DK,55.31,12.39,52.81,57,14.99,0
488,wencheng,489,CN,33.06,113.8,48.36,74,12.88,72
489,waipawa,490,NZ,-41.41,175.52,47.14,87,2.24,55
490,polovinnoye,491,RU,54.79,65.99,29.5,94,10.33,27
491,iracoubo,492,GF,5.48,-53.2,83.28,71,12.21,100
492,nagato,493,JP,34.38,131.2,51.93,71,6.93,20
493,tikrit,494,IQ,34.61,43.68,79.86,41,11.18,75
494,sunndalsora,495,NO,62.68,8.55,37.4,86,19.46,75
495,san quintin,496,MX,30.48,-115.95,57.09,57,5.35,1
496,kobelyaky,497,UA,49.15,34.2,61.47,35,3.76,0
497,burnie,498,AU,-41.07,145.92,51.94,91,3.0,44
498,hualmay,499,PE,-11.1,-77.61,78.15,64,7.78,55
499,kedrovyy,500,RU,56.17,91.82,32.0,84,4.47,75
500,peterborough,501,GB,52.57,-0.25,65.01,52,12.75,84
501,yar-sale,502,RU,66.83,70.83,29.03,96,18.03,57
502,hay river,503,CA,60.82,-115.8,24.8,92,9.17,75
503,huadian,504,CN,42.96,126.75,36.93,68,0.43,1
504,miracema do tocantins,505,BR,-9.56,-48.4,87.19,67,1.9,100
505,galveston,506,US,29.37,-94.97,75.43,88,10.29,90
506,sabang,507,ID,5.89,95.32,84.07,75,11.36,96
507,ouadda,508,CF,8.08,22.4,79.3,51,6.62,96
508,ahuimanu,509,US,21.44,-157.84,65.26,100,4.56,75
509,katesh,510,TZ,-4.52,35.38,66.51,54,6.29,11
510,cariati,511,IT,39.49,16.96,64.4,23,8.05,0
511,toora-khem,512,RU,52.47,96.11,35.83,58,1.7,71
512,manggar,513,ID,-2.88,108.27,81.68,76,1.72,100
513,ust-kan,514,RU,50.93,84.76,28.76,68,4.34,100
514,hauterive,515,FR,46.09,3.45,72.81,36,10.29,20
515,cecina,516,IT,43.31,10.52,71.78,34,11.41,0
516,harare,517,ZW,-17.83,31.05,69.8,68,13.87,75
517,inuvik,518,CA,68.35,-133.72,-3.28,76,2.24,75
518,san javier,519,ES,37.81,-0.84,65.98,68,13.87,33
519,juegang,520,CN,32.32,121.19,50.22,84,14.32,0
520,mackay,521,AU,-21.15,149.2,73.31,78,20.8,90
521,elliot,522,ZA,-31.33,27.85,65.59,37,6.89,67
522,meadville,523,US,41.64,-80.15,37.06,93,10.29,90
523,westport,524,US,41.14,-73.36,49.23,100,8.05,90
524,tomigusuku,525,JP,26.18,127.67,62.11,68,4.7,20
525,banff,526,CA,51.18,-115.57,30.0,64,5.01,67
526,ciamis,527,ID,-7.33,108.35,75.94,84,0.47,93
527,chenghai,528,CN,23.46,116.77,66.2,68,6.71,0
528,hailey,529,US,43.52,-114.32,36.43,59,5.82,5
529,baghdad,530,IQ,33.34,44.4,82.4,51,8.05,75
530,viloco,531,BO,-16.95,-67.55,53.24,19,5.44,42
531,lakes entrance,532,AU,-37.88,147.98,48.0,91,1.01,14
532,asau,533,RO,46.43,26.4,71.8,21,6.93,0
533,ambon,534,ID,-3.7,128.18,78.8,88,3.36,40
534,dutlwe,535,BW,-23.98,23.9,84.4,21,12.26,49
535,arroyo,536,ES,41.61,-4.8,60.08,77,1.12,100
536,dothan,537,US,31.22,-85.39,77.85,74,10.29,75
537,halifax,538,CA,44.65,-63.57,41.67,27,3.36,75
538,yerbogachen,539,RU,61.28,108.01,38.86,80,7.61,11
539,kalabo,540,ZM,-14.97,22.68,76.68,55,8.55,9
540,cienfuegos,541,CU,22.15,-80.44,83.35,70,6.93,0
541,kimovsk,542,RU,53.97,38.53,52.38,53,10.87,78
542,pychas,543,RU,56.5,52.44,44.91,68,5.55,18
543,georgiyevka,544,KZ,43.04,74.71,32.0,76,6.71,36
544,piracanjuba,545,BR,-17.3,-49.02,79.5,62,1.48,89
545,zyryanka,546,RU,65.75,150.85,2.39,91,10.74,0
546,gouyave,547,GD,12.16,-61.73,84.2,70,19.46,20
547,dargaville,548,NZ,-35.93,173.88,57.15,79,6.08,77
548,bereda,549,ES,43.27,-7.54,61.74,88,4.7,20
549,tessalit,550,ML,20.2,1.01,103.66,6,12.57,43
550,daye,551,CN,30.08,114.95,65.14,62,5.75,13
551,tawang,552,IN,27.58,91.87,40.44,29,0.81,64
552,nortelandia,553,BR,-14.45,-56.8,83.64,61,5.41,15
553,chumikan,554,RU,54.72,135.31,33.28,89,5.55,96
554,dingtao,555,CN,35.07,115.56,48.25,69,11.61,98
555,riyadh,556,SA,24.69,46.72,102.2,11,9.17,37
